Handle,Title,Body (HTML),Vendor,Type,Tags,Published,Option1 Name,Option1 Value,Option2 Name,Option2 Value,Variant SKU,Variant Grams,Variant Inventory Tracker,Variant Inventory Qty,Variant Inventory Policy,Variant Fulfillment Service,Variant Price,Variant Compare At Price,Variant Requires Shipping,Variant Taxable,Image Src,Image Position,Image Alt Text,Variant Image,Status,Tagline (product.metafields.custom.tagline),Card title (product.metafields.custom.card_title),Badge (product.metafields.custom.badge),Rating value (product.metafields.custom.rating_value),Rating count (product.metafields.custom.rating_count),Collection label (product.metafields.custom.collection_label),Chips (product.metafields.custom.chips),Highlights (product.metafields.custom.highlights),Story (product.metafields.custom.story)
blue-graphic-printed-tee,Men's Blue Graphic Printed T-shirt | 100% cotton,<p>A clean graphic tee that speaks without trying too hard.</p>,Atire,T-shirt,"men, printed, bestseller, new",TRUE,Color,Blue,Size,S,BLUE-GRAPHIC-PRINTED-TEE-BLUE-S,250,shopify,40,deny,manual,999.00,1299.00,TRUE,TRUE,,,,,active,A clean graphic tee that speaks without trying too hard.,Minimal Design. Maximum Attention.,New Drop,4.6,102,Men,"[""100% Cotton"",""Oversized Fit"",""Bio-washed""]","[{""label"":""Fit"",""value"":""Oversized""},{""label"":""Fabric"",""value"":""100% Cotton, 240 GSM""},{""label"":""Neck"",""value"":""Round Neck""},{""label"":""Sleeve"",""value"":""Half Sleeve""},{""label"":""Print"",""value"":""High-density Screen Print""},{""label"":""Wash Care"",""value"":""Machine Wash""}]","{""eyebrow"":""The story behind the print"",""title"":""A splash of rebellion on a calm blue canvas."",""body"":""Hand-drawn in our studio, then screen-printed in high-density ink so the splash sits slightly raised on the fabric. The tiny chest mark is the only thing on the front — on purpose.""}"
blue-graphic-printed-tee,,,,,,,,Blue,,M,BLUE-GRAPHIC-PRINTED-TEE-BLUE-M,250,shopify,40,deny,manual,999.00,1299.00,TRUE,TRUE,,,,,,,,,,,,,,
blue-graphic-printed-tee,,,,,,,,Blue,,L,BLUE-GRAPHIC-PRINTED-TEE-BLUE-L,250,shopify,3,deny,manual,999.00,1299.00,TRUE,TRUE,,,,,,,,,,,,,,
blue-graphic-printed-tee,,,,,,,,Blue,,XL,BLUE-GRAPHIC-PRINTED-TEE-BLUE-XL,250,shopify,40,deny,manual,999.00,1299.00,TRUE,TRUE,,,,,,,,,,,,,,
blue-graphic-printed-tee,,,,,,,,Blue,,2XL,BLUE-GRAPHIC-PRINTED-TEE-BLUE-2XL,250,shopify,40,deny,manual,999.00,1299.00,TRUE,TRUE,,,,,,,,,,,,,,
blue-graphic-printed-tee,,,,,,,,Blue,,3XL,BLUE-GRAPHIC-PRINTED-TEE-BLUE-3XL,250,shopify,2,deny,manual,999.00,1299.00,TRUE,TRUE,,,,,,,,,,,,,,
blue-graphic-printed-tee,,,,,,,,Red,,S,BLUE-GRAPHIC-PRINTED-TEE-RED-S,250,shopify,40,deny,manual,999.00,1299.00,TRUE,TRUE,,,,,,,,,,,,,,
blue-graphic-printed-tee,,,,,,,,Red,,M,BLUE-GRAPHIC-PRINTED-TEE-RED-M,250,shopify,40,deny,manual,999.00,1299.00,TRUE,TRUE,,,,,,,,,,,,,,
blue-graphic-printed-tee,,,,,,,,Red,,L,BLUE-GRAPHIC-PRINTED-TEE-RED-L,250,shopify,3,deny,manual,999.00,1299.00,TRUE,TRUE,,,,,,,,,,,,,,
blue-graphic-printed-tee,,,,,,,,Red,,XL,BLUE-GRAPHIC-PRINTED-TEE-RED-XL,250,shopify,40,deny,manual,999.00,1299.00,TRUE,TRUE,,,,,,,,,,,,,,
blue-graphic-printed-tee,,,,,,,,Red,,2XL,BLUE-GRAPHIC-PRINTED-TEE-RED-2XL,250,shopify,40,deny,manual,999.00,1299.00,TRUE,TRUE,,,,,,,,,,,,,,
blue-graphic-printed-tee,,,,,,,,Red,,3XL,BLUE-GRAPHIC-PRINTED-TEE-RED-3XL,250,shopify,2,deny,manual,999.00,1299.00,TRUE,TRUE,,,,,,,,,,,,,,
blue-graphic-printed-tee,,,,,,,,Black,,S,BLUE-GRAPHIC-PRINTED-TEE-BLACK-S,250,shopify,40,deny,manual,999.00,1299.00,TRUE,TRUE,,,,https://images.unsplash.com/photo-1532202193792-e95ef22f1bce?auto=format&fit=crop&w=1000&h=1250&q=75,,,,,,,,,,
blue-graphic-printed-tee,,,,,,,,Black,,M,BLUE-GRAPHIC-PRINTED-TEE-BLACK-M,250,shopify,40,deny,manual,999.00,1299.00,TRUE,TRUE,,,,https://images.unsplash.com/photo-1532202193792-e95ef22f1bce?auto=format&fit=crop&w=1000&h=1250&q=75,,,,,,,,,,
blue-graphic-printed-tee,,,,,,,,Black,,L,BLUE-GRAPHIC-PRINTED-TEE-BLACK-L,250,shopify,3,deny,manual,999.00,1299.00,TRUE,TRUE,,,,https://images.unsplash.com/photo-1532202193792-e95ef22f1bce?auto=format&fit=crop&w=1000&h=1250&q=75,,,,,,,,,,
blue-graphic-printed-tee,,,,,,,,Black,,XL,BLUE-GRAPHIC-PRINTED-TEE-BLACK-XL,250,shopify,40,deny,manual,999.00,1299.00,TRUE,TRUE,,,,https://images.unsplash.com/photo-1532202193792-e95ef22f1bce?auto=format&fit=crop&w=1000&h=1250&q=75,,,,,,,,,,
blue-graphic-printed-tee,,,,,,,,Black,,2XL,BLUE-GRAPHIC-PRINTED-TEE-BLACK-2XL,250,shopify,40,deny,manual,999.00,1299.00,TRUE,TRUE,,,,https://images.unsplash.com/photo-1532202193792-e95ef22f1bce?auto=format&fit=crop&w=1000&h=1250&q=75,,,,,,,,,,
blue-graphic-printed-tee,,,,,,,,Black,,3XL,BLUE-GRAPHIC-PRINTED-TEE-BLACK-3XL,250,shopify,0,deny,manual,999.00,1299.00,TRUE,TRUE,,,,https://images.unsplash.com/photo-1532202193792-e95ef22f1bce?auto=format&fit=crop&w=1000&h=1250&q=75,,,,,,,,,,
blue-graphic-printed-tee,,,,,,,,,,,,,,,,,,,,,https://images.unsplash.com/photo-1589902860314-e910697dea18?auto=format&fit=crop&w=1000&h=1250&q=75,2,Model wearing a blue tee on the street,,,,,,,,,,,
blue-graphic-printed-tee,,,,,,,,,,,,,,,,,,,,,https://images.unsplash.com/photo-1593278641722-49b1047ede21?auto=format&fit=crop&w=1000&h=1250&q=75,4,"Model wearing the tee, front view",,,,,,,,,,,
blue-graphic-printed-tee,,,,,,,,,,,,,,,,,,,,,https://images.unsplash.com/photo-1532202193792-e95ef22f1bce?auto=format&fit=crop&w=1000&h=1250&q=75,5,Black colourway styled on model,,,,,,,,,,,
college-survivor-oversized-tee,Oversized Tee for Every College Survivor,<p>Wear your degree. Laugh at the trauma.</p>,Atire,T-shirt,"women, textees, bestseller",TRUE,Color,Off White,Size,S,COLLEGE-SURVIVOR-OVERSIZED-TEE-WHITE-S,250,shopify,40,deny,manual,899.00,1199.00,TRUE,TRUE,,,,,active,Wear your degree. Laugh at the trauma.,,Bestseller,4.4,318,Women,[],"[{""label"":""Fit"",""value"":""Oversized""},{""label"":""Fabric"",""value"":""100% Cotton, 240 GSM""},{""label"":""Neck"",""value"":""Round Neck""},{""label"":""Sleeve"",""value"":""Half Sleeve""},{""label"":""Print"",""value"":""High-density Screen Print""},{""label"":""Wash Care"",""value"":""Machine Wash""}]",
college-survivor-oversized-tee,,,,,,,,Off White,,M,COLLEGE-SURVIVOR-OVERSIZED-TEE-WHITE-M,250,shopify,40,deny,manual,899.00,1199.00,TRUE,TRUE,,,,,,,,,,,,,,
college-survivor-oversized-tee,,,,,,,,Off White,,L,COLLEGE-SURVIVOR-OVERSIZED-TEE-WHITE-L,250,shopify,3,deny,manual,899.00,1199.00,TRUE,TRUE,,,,,,,,,,,,,,
college-survivor-oversized-tee,,,,,,,,Off White,,XL,COLLEGE-SURVIVOR-OVERSIZED-TEE-WHITE-XL,250,shopify,40,deny,manual,899.00,1199.00,TRUE,TRUE,,,,,,,,,,,,,,
college-survivor-oversized-tee,,,,,,,,Off White,,2XL,COLLEGE-SURVIVOR-OVERSIZED-TEE-WHITE-2XL,250,shopify,40,deny,manual,899.00,1199.00,TRUE,TRUE,,,,,,,,,,,,,,
college-survivor-oversized-tee,,,,,,,,Off White,,3XL,COLLEGE-SURVIVOR-OVERSIZED-TEE-WHITE-3XL,250,shopify,2,deny,manual,899.00,1199.00,TRUE,TRUE,,,,,,,,,,,,,,
college-survivor-oversized-tee,,,,,,,,Black,,S,COLLEGE-SURVIVOR-OVERSIZED-TEE-BLACK-S,250,shopify,40,deny,manual,899.00,1199.00,TRUE,TRUE,,,,,,,,,,,,,,
college-survivor-oversized-tee,,,,,,,,Black,,M,COLLEGE-SURVIVOR-OVERSIZED-TEE-BLACK-M,250,shopify,40,deny,manual,899.00,1199.00,TRUE,TRUE,,,,,,,,,,,,,,
college-survivor-oversized-tee,,,,,,,,Black,,L,COLLEGE-SURVIVOR-OVERSIZED-TEE-BLACK-L,250,shopify,3,deny,manual,899.00,1199.00,TRUE,TRUE,,,,,,,,,,,,,,
college-survivor-oversized-tee,,,,,,,,Black,,XL,COLLEGE-SURVIVOR-OVERSIZED-TEE-BLACK-XL,250,shopify,40,deny,manual,899.00,1199.00,TRUE,TRUE,,,,,,,,,,,,,,
college-survivor-oversized-tee,,,,,,,,Black,,2XL,COLLEGE-SURVIVOR-OVERSIZED-TEE-BLACK-2XL,250,shopify,40,deny,manual,899.00,1199.00,TRUE,TRUE,,,,,,,,,,,,,,
college-survivor-oversized-tee,,,,,,,,Black,,3XL,COLLEGE-SURVIVOR-OVERSIZED-TEE-BLACK-3XL,250,shopify,0,deny,manual,899.00,1199.00,TRUE,TRUE,,,,,,,,,,,,,,
college-survivor-oversized-tee,,,,,,,,,,,,,,,,,,,,,https://images.unsplash.com/photo-1616006897093-5e4635c0de35?auto=format&fit=crop&w=1000&h=1250&q=75,2,Model in off-white oversized tee,,,,,,,,,,,
football-fans-oversized-tee,Football Fans' Favorite Oversized Tee,<p>For the ones who never stopped believing.</p>,Atire,T-shirt,"men, textees, bestseller",TRUE,Color,Beige,Size,S,FOOTBALL-FANS-OVERSIZED-TEE-BEIGE-S,250,shopify,40,deny,manual,899.00,1199.00,TRUE,TRUE,,,,,active,For the ones who never stopped believing.,,,4.5,211,Men,[],"[{""label"":""Fit"",""value"":""Oversized""},{""label"":""Fabric"",""value"":""100% Cotton, 240 GSM""},{""label"":""Neck"",""value"":""Round Neck""},{""label"":""Sleeve"",""value"":""Half Sleeve""},{""label"":""Print"",""value"":""High-density Screen Print""},{""label"":""Wash Care"",""value"":""Machine Wash""}]",
football-fans-oversized-tee,,,,,,,,Beige,,M,FOOTBALL-FANS-OVERSIZED-TEE-BEIGE-M,250,shopify,40,deny,manual,899.00,1199.00,TRUE,TRUE,,,,,,,,,,,,,,
football-fans-oversized-tee,,,,,,,,Beige,,L,FOOTBALL-FANS-OVERSIZED-TEE-BEIGE-L,250,shopify,3,deny,manual,899.00,1199.00,TRUE,TRUE,,,,,,,,,,,,,,
football-fans-oversized-tee,,,,,,,,Beige,,XL,FOOTBALL-FANS-OVERSIZED-TEE-BEIGE-XL,250,shopify,40,deny,manual,899.00,1199.00,TRUE,TRUE,,,,,,,,,,,,,,
football-fans-oversized-tee,,,,,,,,Beige,,2XL,FOOTBALL-FANS-OVERSIZED-TEE-BEIGE-2XL,250,shopify,40,deny,manual,899.00,1199.00,TRUE,TRUE,,,,,,,,,,,,,,
football-fans-oversized-tee,,,,,,,,Beige,,3XL,FOOTBALL-FANS-OVERSIZED-TEE-BEIGE-3XL,250,shopify,2,deny,manual,899.00,1199.00,TRUE,TRUE,,,,,,,,,,,,,,
football-fans-oversized-tee,,,,,,,,Off White,,S,FOOTBALL-FANS-OVERSIZED-TEE-WHITE-S,250,shopify,40,deny,manual,899.00,1199.00,TRUE,TRUE,,,,,,,,,,,,,,
football-fans-oversized-tee,,,,,,,,Off White,,M,FOOTBALL-FANS-OVERSIZED-TEE-WHITE-M,250,shopify,40,deny,manual,899.00,1199.00,TRUE,TRUE,,,,,,,,,,,,,,
football-fans-oversized-tee,,,,,,,,Off White,,L,FOOTBALL-FANS-OVERSIZED-TEE-WHITE-L,250,shopify,3,deny,manual,899.00,1199.00,TRUE,TRUE,,,,,,,,,,,,,,
football-fans-oversized-tee,,,,,,,,Off White,,XL,FOOTBALL-FANS-OVERSIZED-TEE-WHITE-XL,250,shopify,40,deny,manual,899.00,1199.00,TRUE,TRUE,,,,,,,,,,,,,,
football-fans-oversized-tee,,,,,,,,Off White,,2XL,FOOTBALL-FANS-OVERSIZED-TEE-WHITE-2XL,250,shopify,40,deny,manual,899.00,1199.00,TRUE,TRUE,,,,,,,,,,,,,,
football-fans-oversized-tee,,,,,,,,Off White,,3XL,FOOTBALL-FANS-OVERSIZED-TEE-WHITE-3XL,250,shopify,0,deny,manual,899.00,1199.00,TRUE,TRUE,,,,,,,,,,,,,,
football-fans-oversized-tee,,,,,,,,,,,,,,,,,,,,,https://images.unsplash.com/photo-1627225793904-a2f900a6e4cf?auto=format&fit=crop&w=1000&h=1250&q=75,2,Model in white oversized tee,,,,,,,,,,,
conversation-starter-oversized-tee,The Conversation Starter Oversized Tee,<p>Bold enough to turn heads. Funny enough to break the ice.</p>,Atire,T-shirt,"men, textees, bestseller",TRUE,Color,Beige,Size,S,CONVERSATION-STARTER-OVERSIZED-TEE-BEIGE-S,250,shopify,40,deny,manual,899.00,1199.00,TRUE,TRUE,,,,,active,Bold enough to turn heads. Funny enough to break the ice.,,,4.3,164,Men,[],"[{""label"":""Fit"",""value"":""Oversized""},{""label"":""Fabric"",""value"":""100% Cotton, 240 GSM""},{""label"":""Neck"",""value"":""Round Neck""},{""label"":""Sleeve"",""value"":""Half Sleeve""},{""label"":""Print"",""value"":""High-density Screen Print""},{""label"":""Wash Care"",""value"":""Machine Wash""}]",
conversation-starter-oversized-tee,,,,,,,,Beige,,M,CONVERSATION-STARTER-OVERSIZED-TEE-BEIGE-M,250,shopify,40,deny,manual,899.00,1199.00,TRUE,TRUE,,,,,,,,,,,,,,
conversation-starter-oversized-tee,,,,,,,,Beige,,L,CONVERSATION-STARTER-OVERSIZED-TEE-BEIGE-L,250,shopify,3,deny,manual,899.00,1199.00,TRUE,TRUE,,,,,,,,,,,,,,
conversation-starter-oversized-tee,,,,,,,,Beige,,XL,CONVERSATION-STARTER-OVERSIZED-TEE-BEIGE-XL,250,shopify,40,deny,manual,899.00,1199.00,TRUE,TRUE,,,,,,,,,,,,,,
conversation-starter-oversized-tee,,,,,,,,Beige,,2XL,CONVERSATION-STARTER-OVERSIZED-TEE-BEIGE-2XL,250,shopify,40,deny,manual,899.00,1199.00,TRUE,TRUE,,,,,,,,,,,,,,
conversation-starter-oversized-tee,,,,,,,,Beige,,3XL,CONVERSATION-STARTER-OVERSIZED-TEE-BEIGE-3XL,250,shopify,2,deny,manual,899.00,1199.00,TRUE,TRUE,,,,,,,,,,,,,,
conversation-starter-oversized-tee,,,,,,,,Black,,S,CONVERSATION-STARTER-OVERSIZED-TEE-BLACK-S,250,shopify,40,deny,manual,899.00,1199.00,TRUE,TRUE,,,,,,,,,,,,,,
conversation-starter-oversized-tee,,,,,,,,Black,,M,CONVERSATION-STARTER-OVERSIZED-TEE-BLACK-M,250,shopify,40,deny,manual,899.00,1199.00,TRUE,TRUE,,,,,,,,,,,,,,
conversation-starter-oversized-tee,,,,,,,,Black,,L,CONVERSATION-STARTER-OVERSIZED-TEE-BLACK-L,250,shopify,3,deny,manual,899.00,1199.00,TRUE,TRUE,,,,,,,,,,,,,,
conversation-starter-oversized-tee,,,,,,,,Black,,XL,CONVERSATION-STARTER-OVERSIZED-TEE-BLACK-XL,250,shopify,40,deny,manual,899.00,1199.00,TRUE,TRUE,,,,,,,,,,,,,,
conversation-starter-oversized-tee,,,,,,,,Black,,2XL,CONVERSATION-STARTER-OVERSIZED-TEE-BLACK-2XL,250,shopify,40,deny,manual,899.00,1199.00,TRUE,TRUE,,,,,,,,,,,,,,
conversation-starter-oversized-tee,,,,,,,,Black,,3XL,CONVERSATION-STARTER-OVERSIZED-TEE-BLACK-3XL,250,shopify,0,deny,manual,899.00,1199.00,TRUE,TRUE,,,,,,,,,,,,,,
conversation-starter-oversized-tee,,,,,,,,,,,,,,,,,,,,,https://images.unsplash.com/photo-1503341504253-dff4815485f1?auto=format&fit=crop&w=1000&h=1250&q=75,2,Model in black tee,,,,,,,,,,,
couple-roast-matching-tees,Matching Tees for Couples Who Love to Roast Each Other,<p>Cute. Funny. Made to wear together.</p>,Atire,Couple Set,"couples, bestseller",TRUE,Color,Black,Size,S,COUPLE-ROAST-MATCHING-TEES-BLACK-S,250,shopify,40,deny,manual,1499.00,2199.00,TRUE,TRUE,,,,,active,Cute. Funny. Made to wear together.,,Couple Set,4.7,96,Couples,[],"[{""label"":""Fit"",""value"":""Oversized""},{""label"":""Fabric"",""value"":""100% Cotton, 240 GSM""},{""label"":""Neck"",""value"":""Round Neck""},{""label"":""Sleeve"",""value"":""Half Sleeve""},{""label"":""Print"",""value"":""High-density Screen Print""},{""label"":""Wash Care"",""value"":""Machine Wash""}]",
couple-roast-matching-tees,,,,,,,,Black,,M,COUPLE-ROAST-MATCHING-TEES-BLACK-M,250,shopify,40,deny,manual,1499.00,2199.00,TRUE,TRUE,,,,,,,,,,,,,,
couple-roast-matching-tees,,,,,,,,Black,,L,COUPLE-ROAST-MATCHING-TEES-BLACK-L,250,shopify,3,deny,manual,1499.00,2199.00,TRUE,TRUE,,,,,,,,,,,,,,
couple-roast-matching-tees,,,,,,,,Black,,XL,COUPLE-ROAST-MATCHING-TEES-BLACK-XL,250,shopify,40,deny,manual,1499.00,2199.00,TRUE,TRUE,,,,,,,,,,,,,,
couple-roast-matching-tees,,,,,,,,Black,,2XL,COUPLE-ROAST-MATCHING-TEES-BLACK-2XL,250,shopify,40,deny,manual,1499.00,2199.00,TRUE,TRUE,,,,,,,,,,,,,,
couple-roast-matching-tees,,,,,,,,Black,,3XL,COUPLE-ROAST-MATCHING-TEES-BLACK-3XL,250,shopify,0,deny,manual,1499.00,2199.00,TRUE,TRUE,,,,,,,,,,,,,,
couple-roast-matching-tees,,,,,,,,,,,,,,,,,,,,,https://images.unsplash.com/photo-1608145550502-f53571aa63e1?auto=format&fit=crop&w=1000&h=1250&q=75,2,Couple wearing matching outfits,,,,,,,,,,,
manifest-more-love-hoodie,The Hoodie You'll Never Want to Take Off,<p>Comfort that looks as good as it feels.</p>,Atire,Hoodie,"couples, hoodies, bestseller, winter",TRUE,Color,Grey Melange,Size,S,MANIFEST-MORE-LOVE-HOODIE-GREY-S,250,shopify,40,deny,manual,2199.00,2999.00,TRUE,TRUE,,,,,active,Comfort that looks as good as it feels.,,Winter Edit,4.8,142,Couples,[],"[{""label"":""Fit"",""value"":""Relaxed""},{""label"":""Fabric"",""value"":""3-thread Fleece, 320 GSM""},{""label"":""Neck"",""value"":""Hooded""},{""label"":""Sleeve"",""value"":""Full Sleeve""},{""label"":""Print"",""value"":""Puff Print""},{""label"":""Wash Care"",""value"":""Machine Wash""}]",
manifest-more-love-hoodie,,,,,,,,Grey Melange,,M,MANIFEST-MORE-LOVE-HOODIE-GREY-M,250,shopify,40,deny,manual,2199.00,2999.00,TRUE,TRUE,,,,,,,,,,,,,,
manifest-more-love-hoodie,,,,,,,,Grey Melange,,L,MANIFEST-MORE-LOVE-HOODIE-GREY-L,250,shopify,3,deny,manual,2199.00,2999.00,TRUE,TRUE,,,,,,,,,,,,,,
manifest-more-love-hoodie,,,,,,,,Grey Melange,,XL,MANIFEST-MORE-LOVE-HOODIE-GREY-XL,250,shopify,40,deny,manual,2199.00,2999.00,TRUE,TRUE,,,,,,,,,,,,,,
manifest-more-love-hoodie,,,,,,,,Grey Melange,,2XL,MANIFEST-MORE-LOVE-HOODIE-GREY-2XL,250,shopify,40,deny,manual,2199.00,2999.00,TRUE,TRUE,,,,,,,,,,,,,,
manifest-more-love-hoodie,,,,,,,,Grey Melange,,3XL,MANIFEST-MORE-LOVE-HOODIE-GREY-3XL,250,shopify,2,deny,manual,2199.00,2999.00,TRUE,TRUE,,,,,,,,,,,,,,
manifest-more-love-hoodie,,,,,,,,Black,,S,MANIFEST-MORE-LOVE-HOODIE-BLACK-S,250,shopify,40,deny,manual,2199.00,2999.00,TRUE,TRUE,,,,,,,,,,,,,,
manifest-more-love-hoodie,,,,,,,,Black,,M,MANIFEST-MORE-LOVE-HOODIE-BLACK-M,250,shopify,40,deny,manual,2199.00,2999.00,TRUE,TRUE,,,,,,,,,,,,,,
manifest-more-love-hoodie,,,,,,,,Black,,L,MANIFEST-MORE-LOVE-HOODIE-BLACK-L,250,shopify,3,deny,manual,2199.00,2999.00,TRUE,TRUE,,,,,,,,,,,,,,
manifest-more-love-hoodie,,,,,,,,Black,,XL,MANIFEST-MORE-LOVE-HOODIE-BLACK-XL,250,shopify,40,deny,manual,2199.00,2999.00,TRUE,TRUE,,,,,,,,,,,,,,
manifest-more-love-hoodie,,,,,,,,Black,,2XL,MANIFEST-MORE-LOVE-HOODIE-BLACK-2XL,250,shopify,40,deny,manual,2199.00,2999.00,TRUE,TRUE,,,,,,,,,,,,,,
manifest-more-love-hoodie,,,,,,,,Black,,3XL,MANIFEST-MORE-LOVE-HOODIE-BLACK-3XL,250,shopify,0,deny,manual,2199.00,2999.00,TRUE,TRUE,,,,,,,,,,,,,,
same-sht-different-day-tee,Same Sh*t Different Day Tee,"<p>Monday, Thursday, whatever. Same energy.</p>",Atire,T-shirt,"men, textees, new",TRUE,Color,Red,Size,S,SAME-SHT-DIFFERENT-DAY-TEE-RED-S,250,shopify,40,deny,manual,899.00,1199.00,TRUE,TRUE,,,,,active,"Monday, Thursday, whatever. Same energy.",,New Drop,4.5,58,Men,[],"[{""label"":""Fit"",""value"":""Oversized""},{""label"":""Fabric"",""value"":""100% Cotton, 240 GSM""},{""label"":""Neck"",""value"":""Round Neck""},{""label"":""Sleeve"",""value"":""Half Sleeve""},{""label"":""Print"",""value"":""High-density Screen Print""},{""label"":""Wash Care"",""value"":""Machine Wash""}]",
same-sht-different-day-tee,,,,,,,,Red,,M,SAME-SHT-DIFFERENT-DAY-TEE-RED-M,250,shopify,40,deny,manual,899.00,1199.00,TRUE,TRUE,,,,,,,,,,,,,,
same-sht-different-day-tee,,,,,,,,Red,,L,SAME-SHT-DIFFERENT-DAY-TEE-RED-L,250,shopify,3,deny,manual,899.00,1199.00,TRUE,TRUE,,,,,,,,,,,,,,
same-sht-different-day-tee,,,,,,,,Red,,XL,SAME-SHT-DIFFERENT-DAY-TEE-RED-XL,250,shopify,40,deny,manual,899.00,1199.00,TRUE,TRUE,,,,,,,,,,,,,,
same-sht-different-day-tee,,,,,,,,Red,,2XL,SAME-SHT-DIFFERENT-DAY-TEE-RED-2XL,250,shopify,40,deny,manual,899.00,1199.00,TRUE,TRUE,,,,,,,,,,,,,,
same-sht-different-day-tee,,,,,,,,Red,,3XL,SAME-SHT-DIFFERENT-DAY-TEE-RED-3XL,250,shopify,2,deny,manual,899.00,1199.00,TRUE,TRUE,,,,,,,,,,,,,,
same-sht-different-day-tee,,,,,,,,Black,,S,SAME-SHT-DIFFERENT-DAY-TEE-BLACK-S,250,shopify,40,deny,manual,899.00,1199.00,TRUE,TRUE,,,,,,,,,,,,,,
same-sht-different-day-tee,,,,,,,,Black,,M,SAME-SHT-DIFFERENT-DAY-TEE-BLACK-M,250,shopify,40,deny,manual,899.00,1199.00,TRUE,TRUE,,,,,,,,,,,,,,
same-sht-different-day-tee,,,,,,,,Black,,L,SAME-SHT-DIFFERENT-DAY-TEE-BLACK-L,250,shopify,3,deny,manual,899.00,1199.00,TRUE,TRUE,,,,,,,,,,,,,,
same-sht-different-day-tee,,,,,,,,Black,,XL,SAME-SHT-DIFFERENT-DAY-TEE-BLACK-XL,250,shopify,40,deny,manual,899.00,1199.00,TRUE,TRUE,,,,,,,,,,,,,,
same-sht-different-day-tee,,,,,,,,Black,,2XL,SAME-SHT-DIFFERENT-DAY-TEE-BLACK-2XL,250,shopify,40,deny,manual,899.00,1199.00,TRUE,TRUE,,,,,,,,,,,,,,
same-sht-different-day-tee,,,,,,,,Black,,3XL,SAME-SHT-DIFFERENT-DAY-TEE-BLACK-3XL,250,shopify,0,deny,manual,899.00,1199.00,TRUE,TRUE,,,,,,,,,,,,,,
same-sht-different-day-tee,,,,,,,,,,,,,,,,,,,,,https://images.unsplash.com/photo-1621446511130-0ed6519bfeb6?auto=format&fit=crop&w=1000&h=1250&q=75,2,Graphic tee back view,,,,,,,,,,,
error-404-developer-tee,Error 404: Human Not Found Tee,<p>For devs who debug everything except their sleep cycle.</p>,Atire,T-shirt,"developers, men",TRUE,Color,Off White,Size,S,ERROR-404-DEVELOPER-TEE-WHITE-S,250,shopify,40,deny,manual,999.00,1299.00,TRUE,TRUE,,,,,active,For devs who debug everything except their sleep cycle.,,For Devs,4.6,77,Developers,[],"[{""label"":""Fit"",""value"":""Oversized""},{""label"":""Fabric"",""value"":""100% Cotton, 240 GSM""},{""label"":""Neck"",""value"":""Round Neck""},{""label"":""Sleeve"",""value"":""Half Sleeve""},{""label"":""Print"",""value"":""High-density Screen Print""},{""label"":""Wash Care"",""value"":""Machine Wash""}]",
error-404-developer-tee,,,,,,,,Off White,,M,ERROR-404-DEVELOPER-TEE-WHITE-M,250,shopify,40,deny,manual,999.00,1299.00,TRUE,TRUE,,,,,,,,,,,,,,
error-404-developer-tee,,,,,,,,Off White,,L,ERROR-404-DEVELOPER-TEE-WHITE-L,250,shopify,3,deny,manual,999.00,1299.00,TRUE,TRUE,,,,,,,,,,,,,,
error-404-developer-tee,,,,,,,,Off White,,XL,ERROR-404-DEVELOPER-TEE-WHITE-XL,250,shopify,40,deny,manual,999.00,1299.00,TRUE,TRUE,,,,,,,,,,,,,,
error-404-developer-tee,,,,,,,,Off White,,2XL,ERROR-404-DEVELOPER-TEE-WHITE-2XL,250,shopify,40,deny,manual,999.00,1299.00,TRUE,TRUE,,,,,,,,,,,,,,
error-404-developer-tee,,,,,,,,Off White,,3XL,ERROR-404-DEVELOPER-TEE-WHITE-3XL,250,shopify,2,deny,manual,999.00,1299.00,TRUE,TRUE,,,,,,,,,,,,,,
error-404-developer-tee,,,,,,,,Black,,S,ERROR-404-DEVELOPER-TEE-BLACK-S,250,shopify,40,deny,manual,999.00,1299.00,TRUE,TRUE,,,,,,,,,,,,,,
error-404-developer-tee,,,,,,,,Black,,M,ERROR-404-DEVELOPER-TEE-BLACK-M,250,shopify,40,deny,manual,999.00,1299.00,TRUE,TRUE,,,,,,,,,,,,,,
error-404-developer-tee,,,,,,,,Black,,L,ERROR-404-DEVELOPER-TEE-BLACK-L,250,shopify,3,deny,manual,999.00,1299.00,TRUE,TRUE,,,,,,,,,,,,,,
error-404-developer-tee,,,,,,,,Black,,XL,ERROR-404-DEVELOPER-TEE-BLACK-XL,250,shopify,40,deny,manual,999.00,1299.00,TRUE,TRUE,,,,,,,,,,,,,,
error-404-developer-tee,,,,,,,,Black,,2XL,ERROR-404-DEVELOPER-TEE-BLACK-2XL,250,shopify,40,deny,manual,999.00,1299.00,TRUE,TRUE,,,,,,,,,,,,,,
error-404-developer-tee,,,,,,,,Black,,3XL,ERROR-404-DEVELOPER-TEE-BLACK-3XL,250,shopify,0,deny,manual,999.00,1299.00,TRUE,TRUE,,,,,,,,,,,,,,
error-404-developer-tee,,,,,,,,,,,,,,,,,,,,,https://images.unsplash.com/photo-1529374255404-311a2a4f1fd9?auto=format&fit=crop&w=1000&h=1250&q=75,2,White printed tee flat lay,,,,,,,,,,,
played-dumb-oversized-tee,I Played Dumb Oversized Tee,<p>But I always knew. Obviously.</p>,Atire,T-shirt,"women, textees",TRUE,Color,Off White,Size,S,PLAYED-DUMB-OVERSIZED-TEE-WHITE-S,250,shopify,40,deny,manual,899.00,1199.00,TRUE,TRUE,,,,,active,But I always knew. Obviously.,,,4.4,133,Women,[],"[{""label"":""Fit"",""value"":""Oversized""},{""label"":""Fabric"",""value"":""100% Cotton, 240 GSM""},{""label"":""Neck"",""value"":""Round Neck""},{""label"":""Sleeve"",""value"":""Half Sleeve""},{""label"":""Print"",""value"":""High-density Screen Print""},{""label"":""Wash Care"",""value"":""Machine Wash""}]",
played-dumb-oversized-tee,,,,,,,,Off White,,M,PLAYED-DUMB-OVERSIZED-TEE-WHITE-M,250,shopify,40,deny,manual,899.00,1199.00,TRUE,TRUE,,,,,,,,,,,,,,
played-dumb-oversized-tee,,,,,,,,Off White,,L,PLAYED-DUMB-OVERSIZED-TEE-WHITE-L,250,shopify,3,deny,manual,899.00,1199.00,TRUE,TRUE,,,,,,,,,,,,,,
played-dumb-oversized-tee,,,,,,,,Off White,,XL,PLAYED-DUMB-OVERSIZED-TEE-WHITE-XL,250,shopify,40,deny,manual,899.00,1199.00,TRUE,TRUE,,,,,,,,,,,,,,
played-dumb-oversized-tee,,,,,,,,Off White,,2XL,PLAYED-DUMB-OVERSIZED-TEE-WHITE-2XL,250,shopify,40,deny,manual,899.00,1199.00,TRUE,TRUE,,,,,,,,,,,,,,
played-dumb-oversized-tee,,,,,,,,Off White,,3XL,PLAYED-DUMB-OVERSIZED-TEE-WHITE-3XL,250,shopify,0,deny,manual,899.00,1199.00,TRUE,TRUE,,,,,,,,,,,,,,
played-dumb-oversized-tee,,,,,,,,,,,,,,,,,,,,,https://images.unsplash.com/photo-1622445275992-e7efb32d2257?auto=format&fit=crop&w=1000&h=1250&q=75,2,Model in white tee and black jacket,,,,,,,,,,,
nothing-to-worry-couple-tees,Nothing to Worry About Couple Tees,"<p>One asks, one answers. Perfectly balanced.</p>",Atire,Couple Set,couples,TRUE,Color,Maroon,Size,S,NOTHING-TO-WORRY-COUPLE-TEES-MAROON-S,250,shopify,40,deny,manual,1499.00,2199.00,TRUE,TRUE,,,,,active,"One asks, one answers. Perfectly balanced.",,,4.5,64,Couples,[],"[{""label"":""Fit"",""value"":""Oversized""},{""label"":""Fabric"",""value"":""100% Cotton, 240 GSM""},{""label"":""Neck"",""value"":""Round Neck""},{""label"":""Sleeve"",""value"":""Half Sleeve""},{""label"":""Print"",""value"":""High-density Screen Print""},{""label"":""Wash Care"",""value"":""Machine Wash""}]",
nothing-to-worry-couple-tees,,,,,,,,Maroon,,M,NOTHING-TO-WORRY-COUPLE-TEES-MAROON-M,250,shopify,40,deny,manual,1499.00,2199.00,TRUE,TRUE,,,,,,,,,,,,,,
nothing-to-worry-couple-tees,,,,,,,,Maroon,,L,NOTHING-TO-WORRY-COUPLE-TEES-MAROON-L,250,shopify,3,deny,manual,1499.00,2199.00,TRUE,TRUE,,,,,,,,,,,,,,
nothing-to-worry-couple-tees,,,,,,,,Maroon,,XL,NOTHING-TO-WORRY-COUPLE-TEES-MAROON-XL,250,shopify,40,deny,manual,1499.00,2199.00,TRUE,TRUE,,,,,,,,,,,,,,
nothing-to-worry-couple-tees,,,,,,,,Maroon,,2XL,NOTHING-TO-WORRY-COUPLE-TEES-MAROON-2XL,250,shopify,40,deny,manual,1499.00,2199.00,TRUE,TRUE,,,,,,,,,,,,,,
nothing-to-worry-couple-tees,,,,,,,,Maroon,,3XL,NOTHING-TO-WORRY-COUPLE-TEES-MAROON-3XL,250,shopify,0,deny,manual,1499.00,2199.00,TRUE,TRUE,,,,,,,,,,,,,,
nothing-to-worry-couple-tees,,,,,,,,,,,,,,,,,,,,,https://images.unsplash.com/photo-1761167474214-5a5bb557629d?auto=format&fit=crop&w=1000&h=1250&q=75,2,Couple in caps and hoodies,,,,,,,,,,,
beautiful-things-oversized-tee,Beautiful Things Oversized Tee,<p>Honest. A little too honest.</p>,Atire,T-shirt,"men, textees",TRUE,Color,Off White,Size,S,BEAUTIFUL-THINGS-OVERSIZED-TEE-WHITE-S,250,shopify,40,deny,manual,899.00,1199.00,TRUE,TRUE,,,,,active,Honest. A little too honest.,,,4.2,89,Men,[],"[{""label"":""Fit"",""value"":""Oversized""},{""label"":""Fabric"",""value"":""100% Cotton, 240 GSM""},{""label"":""Neck"",""value"":""Round Neck""},{""label"":""Sleeve"",""value"":""Half Sleeve""},{""label"":""Print"",""value"":""High-density Screen Print""},{""label"":""Wash Care"",""value"":""Machine Wash""}]",
beautiful-things-oversized-tee,,,,,,,,Off White,,M,BEAUTIFUL-THINGS-OVERSIZED-TEE-WHITE-M,250,shopify,40,deny,manual,899.00,1199.00,TRUE,TRUE,,,,,,,,,,,,,,
beautiful-things-oversized-tee,,,,,,,,Off White,,L,BEAUTIFUL-THINGS-OVERSIZED-TEE-WHITE-L,250,shopify,3,deny,manual,899.00,1199.00,TRUE,TRUE,,,,,,,,,,,,,,
beautiful-things-oversized-tee,,,,,,,,Off White,,XL,BEAUTIFUL-THINGS-OVERSIZED-TEE-WHITE-XL,250,shopify,40,deny,manual,899.00,1199.00,TRUE,TRUE,,,,,,,,,,,,,,
beautiful-things-oversized-tee,,,,,,,,Off White,,2XL,BEAUTIFUL-THINGS-OVERSIZED-TEE-WHITE-2XL,250,shopify,40,deny,manual,899.00,1199.00,TRUE,TRUE,,,,,,,,,,,,,,
beautiful-things-oversized-tee,,,,,,,,Off White,,3XL,BEAUTIFUL-THINGS-OVERSIZED-TEE-WHITE-3XL,250,shopify,0,deny,manual,899.00,1199.00,TRUE,TRUE,,,,,,,,,,,,,,
beautiful-things-oversized-tee,,,,,,,,,,,,,,,,,,,,,https://images.unsplash.com/photo-1593278641722-49b1047ede21?auto=format&fit=crop&w=1000&h=1250&q=75,2,Model in white tee,,,,,,,,,,,
red-splash-printed-tee,Red Splash Printed Tee,"<p>Same splash, louder colour.</p>",Atire,T-shirt,"men, printed",TRUE,Color,Red,Size,S,RED-SPLASH-PRINTED-TEE-RED-S,250,shopify,40,deny,manual,999.00,1299.00,TRUE,TRUE,,,,,active,"Same splash, louder colour.",,,4.5,41,Men,[],"[{""label"":""Fit"",""value"":""Oversized""},{""label"":""Fabric"",""value"":""100% Cotton, 240 GSM""},{""label"":""Neck"",""value"":""Round Neck""},{""label"":""Sleeve"",""value"":""Half Sleeve""},{""label"":""Print"",""value"":""High-density Screen Print""},{""label"":""Wash Care"",""value"":""Machine Wash""}]",
red-splash-printed-tee,,,,,,,,Red,,M,RED-SPLASH-PRINTED-TEE-RED-M,250,shopify,40,deny,manual,999.00,1299.00,TRUE,TRUE,,,,,,,,,,,,,,
red-splash-printed-tee,,,,,,,,Red,,L,RED-SPLASH-PRINTED-TEE-RED-L,250,shopify,3,deny,manual,999.00,1299.00,TRUE,TRUE,,,,,,,,,,,,,,
red-splash-printed-tee,,,,,,,,Red,,XL,RED-SPLASH-PRINTED-TEE-RED-XL,250,shopify,40,deny,manual,999.00,1299.00,TRUE,TRUE,,,,,,,,,,,,,,
red-splash-printed-tee,,,,,,,,Red,,2XL,RED-SPLASH-PRINTED-TEE-RED-2XL,250,shopify,40,deny,manual,999.00,1299.00,TRUE,TRUE,,,,,,,,,,,,,,
red-splash-printed-tee,,,,,,,,Red,,3XL,RED-SPLASH-PRINTED-TEE-RED-3XL,250,shopify,2,deny,manual,999.00,1299.00,TRUE,TRUE,,,,,,,,,,,,,,
red-splash-printed-tee,,,,,,,,Blue,,S,RED-SPLASH-PRINTED-TEE-BLUE-S,250,shopify,40,deny,manual,999.00,1299.00,TRUE,TRUE,,,,,,,,,,,,,,
red-splash-printed-tee,,,,,,,,Blue,,M,RED-SPLASH-PRINTED-TEE-BLUE-M,250,shopify,40,deny,manual,999.00,1299.00,TRUE,TRUE,,,,,,,,,,,,,,
red-splash-printed-tee,,,,,,,,Blue,,L,RED-SPLASH-PRINTED-TEE-BLUE-L,250,shopify,3,deny,manual,999.00,1299.00,TRUE,TRUE,,,,,,,,,,,,,,
red-splash-printed-tee,,,,,,,,Blue,,XL,RED-SPLASH-PRINTED-TEE-BLUE-XL,250,shopify,40,deny,manual,999.00,1299.00,TRUE,TRUE,,,,,,,,,,,,,,
red-splash-printed-tee,,,,,,,,Blue,,2XL,RED-SPLASH-PRINTED-TEE-BLUE-2XL,250,shopify,40,deny,manual,999.00,1299.00,TRUE,TRUE,,,,,,,,,,,,,,
red-splash-printed-tee,,,,,,,,Blue,,3XL,RED-SPLASH-PRINTED-TEE-BLUE-3XL,250,shopify,0,deny,manual,999.00,1299.00,TRUE,TRUE,,,,,,,,,,,,,,
works-on-my-machine-tee,Works On My Machine Oversized Tee,<p>The official excuse of every deploy gone wrong.</p>,Atire,T-shirt,"developers, men, textees, new",TRUE,Color,Black,Size,S,WORKS-ON-MY-MACHINE-TEE-BLACK-S,250,shopify,40,deny,manual,999.00,1299.00,TRUE,TRUE,,,,,active,The official excuse of every deploy gone wrong.,,For Devs,4.7,53,Developers,[],"[{""label"":""Fit"",""value"":""Oversized""},{""label"":""Fabric"",""value"":""100% Cotton, 240 GSM""},{""label"":""Neck"",""value"":""Round Neck""},{""label"":""Sleeve"",""value"":""Half Sleeve""},{""label"":""Print"",""value"":""High-density Screen Print""},{""label"":""Wash Care"",""value"":""Machine Wash""}]",
works-on-my-machine-tee,,,,,,,,Black,,M,WORKS-ON-MY-MACHINE-TEE-BLACK-M,250,shopify,40,deny,manual,999.00,1299.00,TRUE,TRUE,,,,,,,,,,,,,,
works-on-my-machine-tee,,,,,,,,Black,,L,WORKS-ON-MY-MACHINE-TEE-BLACK-L,250,shopify,3,deny,manual,999.00,1299.00,TRUE,TRUE,,,,,,,,,,,,,,
works-on-my-machine-tee,,,,,,,,Black,,XL,WORKS-ON-MY-MACHINE-TEE-BLACK-XL,250,shopify,40,deny,manual,999.00,1299.00,TRUE,TRUE,,,,,,,,,,,,,,
works-on-my-machine-tee,,,,,,,,Black,,2XL,WORKS-ON-MY-MACHINE-TEE-BLACK-2XL,250,shopify,40,deny,manual,999.00,1299.00,TRUE,TRUE,,,,,,,,,,,,,,
works-on-my-machine-tee,,,,,,,,Black,,3XL,WORKS-ON-MY-MACHINE-TEE-BLACK-3XL,250,shopify,2,deny,manual,999.00,1299.00,TRUE,TRUE,,,,,,,,,,,,,,
works-on-my-machine-tee,,,,,,,,Off White,,S,WORKS-ON-MY-MACHINE-TEE-WHITE-S,250,shopify,40,deny,manual,999.00,1299.00,TRUE,TRUE,,,,,,,,,,,,,,
works-on-my-machine-tee,,,,,,,,Off White,,M,WORKS-ON-MY-MACHINE-TEE-WHITE-M,250,shopify,40,deny,manual,999.00,1299.00,TRUE,TRUE,,,,,,,,,,,,,,
works-on-my-machine-tee,,,,,,,,Off White,,L,WORKS-ON-MY-MACHINE-TEE-WHITE-L,250,shopify,3,deny,manual,999.00,1299.00,TRUE,TRUE,,,,,,,,,,,,,,
works-on-my-machine-tee,,,,,,,,Off White,,XL,WORKS-ON-MY-MACHINE-TEE-WHITE-XL,250,shopify,40,deny,manual,999.00,1299.00,TRUE,TRUE,,,,,,,,,,,,,,
works-on-my-machine-tee,,,,,,,,Off White,,2XL,WORKS-ON-MY-MACHINE-TEE-WHITE-2XL,250,shopify,40,deny,manual,999.00,1299.00,TRUE,TRUE,,,,,,,,,,,,,,
works-on-my-machine-tee,,,,,,,,Off White,,3XL,WORKS-ON-MY-MACHINE-TEE-WHITE-3XL,250,shopify,0,deny,manual,999.00,1299.00,TRUE,TRUE,,,,,,,,,,,,,,
works-on-my-machine-tee,,,,,,,,,,,,,,,,,,,,,https://images.unsplash.com/photo-1503341504253-dff4815485f1?auto=format&fit=crop&w=1000&h=1250&q=75,2,Model in black tee,,,,,,,,,,,
ctrl-z-oversized-tee,Ctrl + Z My Life Oversized Tee,<p>If only it worked outside the IDE.</p>,Atire,T-shirt,"developers, women, textees",TRUE,Color,Black,Size,S,CTRL-Z-OVERSIZED-TEE-BLACK-S,250,shopify,40,deny,manual,999.00,1299.00,TRUE,TRUE,,,,,active,If only it worked outside the IDE.,,,4.5,38,Developers,[],"[{""label"":""Fit"",""value"":""Oversized""},{""label"":""Fabric"",""value"":""100% Cotton, 240 GSM""},{""label"":""Neck"",""value"":""Round Neck""},{""label"":""Sleeve"",""value"":""Half Sleeve""},{""label"":""Print"",""value"":""High-density Screen Print""},{""label"":""Wash Care"",""value"":""Machine Wash""}]",
ctrl-z-oversized-tee,,,,,,,,Black,,M,CTRL-Z-OVERSIZED-TEE-BLACK-M,250,shopify,40,deny,manual,999.00,1299.00,TRUE,TRUE,,,,,,,,,,,,,,
ctrl-z-oversized-tee,,,,,,,,Black,,L,CTRL-Z-OVERSIZED-TEE-BLACK-L,250,shopify,3,deny,manual,999.00,1299.00,TRUE,TRUE,,,,,,,,,,,,,,
ctrl-z-oversized-tee,,,,,,,,Black,,XL,CTRL-Z-OVERSIZED-TEE-BLACK-XL,250,shopify,40,deny,manual,999.00,1299.00,TRUE,TRUE,,,,,,,,,,,,,,
ctrl-z-oversized-tee,,,,,,,,Black,,2XL,CTRL-Z-OVERSIZED-TEE-BLACK-2XL,250,shopify,40,deny,manual,999.00,1299.00,TRUE,TRUE,,,,,,,,,,,,,,
ctrl-z-oversized-tee,,,,,,,,Black,,3XL,CTRL-Z-OVERSIZED-TEE-BLACK-3XL,250,shopify,0,deny,manual,999.00,1299.00,TRUE,TRUE,,,,,,,,,,,,,,
ctrl-z-oversized-tee,,,,,,,,,,,,,,,,,,,,,https://images.unsplash.com/photo-1532202193792-e95ef22f1bce?auto=format&fit=crop&w=1000&h=1250&q=75,2,Model in black tee,,,,,,,,,,,
